"","avg_par_intercept","avg_par_slope"
"1",-1542.00990730691,0.07504622500097
