"","avg_temp_intercept","avg_temp_slope"
"1",18.8932791582164,0.291232395787719
