"avg_par_intercept","avg_par_slope"
-1962.40289966278,0.085384497356618
